Passenger,Gender,Customer_Type,Age,Type_of_Travel,Class,Flight_Distance,Inflight_wifi_service,Departure/Arrival_time_convenient,Food_and_drink,Seat_comfort,Inflight_entertainment,Inflight_service,Cleanliness,Departure_Delay_in_Minutes,Arrival_Delay_in_Minutes,satisfaction
38,Female,disloyal_Customer,32,Business_travel,Business,802,4,4,2,4,2,5,2,0,10,neutral_or_dissatisfied
40,Female,disloyal_Customer,42,Business_travel,Business,373,3,3,4,4,4,5,4,0,0,neutral_or_dissatisfied
99,Female,disloyal_Customer,40,Business_travel,Business,2419,2,2,4,4,4,5,4,0,0,neutral_or_dissatisfied
136,Female,disloyal_Customer,27,Business_travel,Business,2342,3,3,2,2,2,5,2,10,0,neutral_or_dissatisfied
157,Female,disloyal_Customer,49,Business_travel,Business,1416,3,4,2,2,2,4,2,0,0,neutral_or_dissatisfied
209,Female,disloyal_Customer,40,Business_travel,Business,825,4,4,5,5,5,5,5,0,4,satisfied
256,Female,disloyal_Customer,41,Business_travel,Business,371,2,2,1,1,1,1,1,35,30,neutral_or_dissatisfied
284,Female,disloyal_Customer,45,Business_travel,Business,1011,3,2,4,4,4,5,4,0,0,neutral_or_dissatisfied
335,Female,disloyal_Customer,21,Business_travel,Business,296,4,0,4,5,4,4,4,19,12,satisfied
365,Female,disloyal_Customer,28,Business_travel,Business,502,4,4,5,5,5,5,5,0,0,neutral_or_dissatisfied
493,Female,disloyal_Customer,39,Business_travel,Business,201,4,3,1,1,1,1,1,0,0,satisfied
51,Male,disloyal_Customer,24,Business_travel,Business,444,4,0,2,2,2,5,2,20,32,satisfied
55,Male,disloyal_Customer,27,Business_travel,Business,764,3,3,2,2,2,2,2,30,46,neutral_or_dissatisfied
133,Male,disloyal_Customer,39,Business_travel,Business,546,4,4,2,2,2,4,2,93,88,neutral_or_dissatisfied
139,Male,disloyal_Customer,48,Business_travel,Business,759,3,3,2,2,2,5,2,2,1,neutral_or_dissatisfied
143,Male,disloyal_Customer,26,Business_travel,Business,900,5,5,1,1,1,5,1,5,0,satisfied
168,Male,disloyal_Customer,38,Business_travel,Business,641,5,5,2,2,2,5,2,0,0,satisfied
171,Male,disloyal_Customer,23,Business_travel,Business,282,4,5,4,4,4,4,4,9,1,satisfied
172,Male,disloyal_Customer,25,Business_travel,Business,544,3,5,2,2,2,4,2,0,0,neutral_or_dissatisfied
187,Male,disloyal_Customer,40,Business_travel,Business,223,2,2,2,2,2,5,2,0,0,neutral_or_dissatisfied
199,Male,disloyal_Customer,25,Business_travel,Business,296,0,0,2,2,2,5,2,0,0,satisfied
219,Male,disloyal_Customer,38,Business_travel,Business,1562,3,3,2,2,2,4,2,2,25,neutral_or_dissatisfied
233,Male,disloyal_Customer,64,Business_travel,Business,293,3,3,3,3,3,4,3,3,0,neutral_or_dissatisfied
250,Male,disloyal_Customer,20,Business_travel,Business,271,0,0,1,1,1,4,1,0,0,satisfied
265,Male,disloyal_Customer,26,Business_travel,Business,280,2,2,2,2,2,3,2,0,6,neutral_or_dissatisfied
272,Male,disloyal_Customer,33,Business_travel,Business,423,4,4,4,4,4,5,4,0,5,neutral_or_dissatisfied
297,Male,disloyal_Customer,29,Business_travel,Business,1009,2,2,3,3,3,4,3,0,0,neutral_or_dissatisfied
384,Male,disloyal_Customer,39,Business_travel,Business,444,4,4,1,1,1,5,1,12,16,satisfied
388,Male,disloyal_Customer,29,Business_travel,Business,1099,1,1,3,5,3,2,3,51,51,neutral_or_dissatisfied
396,Male,disloyal_Customer,34,Business_travel,Business,414,3,3,1,1,1,5,1,2,0,neutral_or_dissatisfied
407,Male,disloyal_Customer,50,Business_travel,Business,641,2,2,1,1,1,5,1,7,17,neutral_or_dissatisfied
429,Male,disloyal_Customer,28,Business_travel,Business,319,5,5,4,5,4,4,4,0,0,satisfied
465,Male,disloyal_Customer,40,Business_travel,Business,449,4,4,3,3,3,4,3,4,0,satisfied
476,Male,disloyal_Customer,26,Business_travel,Business,1262,0,0,4,3,4,4,4,9,0,satisfied
1,Female,Loyal_Customer,36,Business_travel,Business,2863,1,1,5,5,4,4,5,0,0,satisfied
6,Female,Loyal_Customer,77,Business_travel,Business,3987,5,5,3,5,5,5,3,0,0,satisfied
7,Female,Loyal_Customer,43,Business_travel,Business,2556,2,2,4,5,4,4,3,77,65,satisfied
9,Female,Loyal_Customer,46,Business_travel,Business,1744,2,2,3,4,4,4,4,28,14,satisfied
11,Female,Loyal_Customer,33,Business_travel,Business,325,2,5,1,4,2,2,4,18,7,neutral_or_dissatisfied
12,Female,Loyal_Customer,46,Business_travel,Business,1009,5,5,4,5,5,5,3,0,0,satisfied
13,Female,Loyal_Customer,60,Business_travel,Business,451,1,1,5,4,5,5,5,117,113,satisfied
14,Female,Loyal_Customer,52,Business_travel,Business,925,2,2,5,4,4,4,5,10,0,satisfied
19,Female,Loyal_Customer,50,Business_travel,Business,3799,5,5,4,4,4,4,5,8,0,satisfied
36,Female,Loyal_Customer,39,Business_travel,Business,370,3,3,2,5,4,4,5,10,12,satisfied
37,Female,Loyal_Customer,55,Business_travel,Business,3169,1,1,3,4,5,5,5,73,68,satisfied
43,Female,Loyal_Customer,28,Business_travel,Business,1024,1,1,4,4,4,4,4,0,3,satisfied
46,Female,Loyal_Customer,60,Business_travel,Business,1889,2,2,3,4,5,5,3,0,0,satisfied
48,Female,Loyal_Customer,49,Business_travel,Business,3295,4,4,2,4,5,5,3,0,4,satisfied
54,Female,Loyal_Customer,30,Business_travel,Business,651,3,3,5,5,5,5,5,0,0,satisfied
64,Female,Loyal_Customer,19,Business_travel,Business,2738,5,5,3,3,3,2,3,0,0,satisfied
68,Female,Loyal_Customer,42,Business_travel,Business,1898,5,5,5,4,5,5,3,49,47,satisfied
69,Female,Loyal_Customer,41,Business_travel,Business,967,2,2,2,5,4,4,5,44,40,satisfied
80,Female,Loyal_Customer,61,Business_travel,Business,1585,2,2,1,5,3,3,4,24,20,satisfied
87,Female,Loyal_Customer,50,Business_travel,Business,3696,1,1,2,4,5,5,5,9,0,satisfied
94,Female,Loyal_Customer,46,Business_travel,Business,912,1,1,2,4,4,4,4,5,0,satisfied
109,Female,Loyal_Customer,32,Business_travel,Business,2668,5,5,4,4,4,5,4,2,0,satisfied
112,Female,Loyal_Customer,45,Business_travel,Business,2374,5,5,4,4,4,4,5,0,0,satisfied
137,Female,Loyal_Customer,41,Business_travel,Business,3046,5,5,3,5,4,4,5,0,0,satisfied
141,Female,Loyal_Customer,48,Business_travel,Business,491,3,3,4,4,4,4,5,0,0,satisfied
145,Female,Loyal_Customer,53,Business_travel,Business,3769,3,1,1,1,2,2,1,180,178,neutral_or_dissatisfied
150,Female,Loyal_Customer,56,Business_travel,Business,1189,5,5,5,5,2,2,3,9,0,satisfied
155,Female,Loyal_Customer,42,Business_travel,Business,266,1,1,4,4,4,4,1,0,0,satisfied
170,Female,Loyal_Customer,60,Business_travel,Business,3823,2,2,4,4,5,5,3,1,0,satisfied
173,Female,Loyal_Customer,38,Business_travel,Business,2955,3,3,3,5,4,4,3,0,0,satisfied
174,Female,Loyal_Customer,40,Business_travel,Business,2806,1,1,3,5,5,5,5,0,4,satisfied
176,Female,Loyal_Customer,61,Business_travel,Business,2073,3,3,4,4,4,4,5,6,0,satisfied
180,Female,Loyal_Customer,45,Business_travel,Business,3947,3,4,3,4,3,3,3,25,16,neutral_or_dissatisfied
182,Female,Loyal_Customer,54,Business_travel,Business,1634,3,2,4,4,3,3,1,90,77,neutral_or_dissatisfied
184,Female,Loyal_Customer,25,Business_travel,Business,2533,5,5,2,2,2,3,2,0,0,satisfied
191,Female,Loyal_Customer,47,Business_travel,Business,964,5,5,5,5,5,5,3,1,3,satisfied
197,Female,Loyal_Customer,45,Business_travel,Business,759,2,2,2,1,2,2,4,23,94,neutral_or_dissatisfied
198,Female,Loyal_Customer,51,Business_travel,Business,2344,2,2,3,5,3,3,3,0,0,satisfied
201,Female,Loyal_Customer,46,Business_travel,Business,580,3,3,3,4,4,4,5,18,16,satisfied
206,Female,Loyal_Customer,44,Business_travel,Business,2903,2,1,2,3,2,2,1,0,1,neutral_or_dissatisfied
207,Female,Loyal_Customer,17,Business_travel,Business,3170,5,5,5,5,5,5,5,16,0,satisfied
211,Female,Loyal_Customer,80,Business_travel,Business,3464,1,1,2,4,4,4,4,0,0,satisfied
215,Female,Loyal_Customer,22,Business_travel,Business,1968,4,4,4,4,4,4,4,0,0,neutral_or_dissatisfied
216,Female,Loyal_Customer,53,Business_travel,Business,2560,5,5,5,5,3,3,3,0,3,satisfied
222,Female,Loyal_Customer,62,Business_travel,Business,3692,2,2,3,2,4,4,2,0,0,satisfied
237,Female,Loyal_Customer,13,Business_travel,Business,2544,3,1,3,3,3,3,3,0,0,neutral_or_dissatisfied
246,Female,Loyal_Customer,28,Business_travel,Business,308,1,3,1,1,1,3,1,0,0,neutral_or_dissatisfied
251,Female,Loyal_Customer,46,Business_travel,Business,1522,3,2,3,4,4,4,5,0,0,satisfied
253,Female,Loyal_Customer,62,Business_travel,Business,3217,2,2,5,4,4,4,5,19,16,satisfied
261,Female,Loyal_Customer,58,Business_travel,Business,2498,3,3,4,4,5,5,3,0,0,satisfied
264,Female,Loyal_Customer,43,Business_travel,Business,3724,3,3,4,5,5,5,3,19,7,satisfied
270,Female,Loyal_Customer,55,Business_travel,Business,2699,2,2,2,4,3,3,4,0,3,satisfied
271,Female,Loyal_Customer,49,Business_travel,Business,679,1,1,2,4,4,4,1,51,71,satisfied
273,Female,Loyal_Customer,57,Business_travel,Business,4817,4,4,5,5,3,4,5,0,19,satisfied
274,Female,Loyal_Customer,35,Business_travel,Business,3833,3,3,3,3,5,5,4,0,3,satisfied
275,Female,Loyal_Customer,40,Business_travel,Business,2559,5,5,3,5,4,4,3,0,0,satisfied
280,Female,Loyal_Customer,32,Business_travel,Business,759,2,2,5,5,5,4,5,0,0,satisfied
290,Female,Loyal_Customer,44,Business_travel,Business,1597,2,2,3,4,2,2,4,0,5,satisfied
291,Female,Loyal_Customer,66,Business_travel,Business,2264,3,5,5,4,3,3,4,0,0,neutral_or_dissatisfied
294,Female,Loyal_Customer,53,Business_travel,Business,3276,0,5,4,4,3,3,5,0,0,satisfied
295,Female,Loyal_Customer,37,Business_travel,Business,2567,2,2,4,4,5,5,5,0,12,satisfied
301,Female,Loyal_Customer,39,Business_travel,Business,1399,4,4,4,5,5,5,5,16,4,satisfied
312,Female,Loyal_Customer,42,Business_travel,Business,362,1,1,4,4,5,5,5,0,17,satisfied
313,Female,Loyal_Customer,48,Business_travel,Business,1587,1,1,5,5,4,4,3,60,68,satisfied
317,Female,Loyal_Customer,49,Business_travel,Business,1625,5,5,4,4,5,5,5,0,4,satisfied
322,Female,Loyal_Customer,49,Business_travel,Business,1187,1,1,3,4,3,3,3,33,40,satisfied
331,Female,Loyal_Customer,58,Business_travel,Business,3065,0,5,4,4,2,2,3,0,0,satisfied
332,Female,Loyal_Customer,58,Business_travel,Business,3736,2,1,2,2,2,2,3,52,41,neutral_or_dissatisfied
344,Female,Loyal_Customer,39,Business_travel,Business,3601,2,2,4,2,4,4,3,0,0,satisfied
345,Female,Loyal_Customer,53,Business_travel,Business,635,2,2,5,5,1,3,5,150,156,satisfied
350,Female,Loyal_Customer,47,Business_travel,Business,2609,3,3,5,5,4,4,5,0,0,satisfied
353,Female,Loyal_Customer,16,Business_travel,Business,2442,2,2,4,4,4,5,4,0,0,satisfied
356,Female,Loyal_Customer,28,Business_travel,Business,1537,2,2,5,5,5,5,5,0,0,satisfied
361,Female,Loyal_Customer,48,Business_travel,Business,951,1,1,5,5,3,3,3,0,0,satisfied
368,Female,Loyal_Customer,59,Business_travel,Business,2869,5,5,3,4,5,5,3,0,1,satisfied
372,Female,Loyal_Customer,42,Business_travel,Business,1609,2,4,2,3,2,2,1,12,0,neutral_or_dissatisfied
375,Female,Loyal_Customer,53,Business_travel,Business,3804,2,2,5,4,5,5,3,0,0,satisfied
378,Female,Loyal_Customer,42,Business_travel,Business,3004,5,5,3,5,5,5,4,5,14,satisfied
389,Female,Loyal_Customer,45,Business_travel,Business,2580,5,5,2,4,5,5,5,0,0,satisfied
393,Female,Loyal_Customer,27,Business_travel,Business,2777,5,5,5,5,5,2,5,2,0,satisfied
397,Female,Loyal_Customer,30,Business_travel,Business,2154,3,3,5,5,5,4,5,0,0,satisfied
401,Female,Loyal_Customer,32,Business_travel,Business,192,3,2,3,3,3,3,3,0,0,neutral_or_dissatisfied
413,Female,Loyal_Customer,53,Business_travel,Business,2690,3,3,5,5,3,3,5,0,0,satisfied
428,Female,Loyal_Customer,25,Business_travel,Business,1874,2,3,2,2,2,5,2,0,0,neutral_or_dissatisfied
430,Female,Loyal_Customer,37,Business_travel,Business,2571,3,3,5,5,5,5,5,0,0,satisfied
436,Female,Loyal_Customer,40,Business_travel,Business,2334,0,4,4,3,5,5,2,0,0,satisfied
455,Female,Loyal_Customer,48,Business_travel,Business,235,2,5,2,3,2,2,4,0,0,neutral_or_dissatisfied
458,Female,Loyal_Customer,48,Business_travel,Business,2075,4,4,3,4,4,4,4,0,0,satisfied
463,Female,Loyal_Customer,21,Business_travel,Business,657,2,2,5,5,5,4,5,6,0,satisfied
467,Female,Loyal_Customer,40,Business_travel,Business,544,4,4,4,4,4,4,5,0,0,satisfied
471,Female,Loyal_Customer,51,Business_travel,Business,366,1,1,3,4,4,4,4,0,0,satisfied
472,Female,Loyal_Customer,59,Business_travel,Business,956,2,1,5,3,2,2,1,1,13,neutral_or_dissatisfied
484,Female,Loyal_Customer,43,Business_travel,Business,1750,1,3,5,4,4,4,5,0,7,satisfied
488,Female,Loyal_Customer,39,Business_travel,Business,1747,2,2,4,4,3,4,4,132,123,satisfied
489,Female,Loyal_Customer,33,Business_travel,Business,773,2,2,4,4,2,1,4,140,129,satisfied
496,Female,Loyal_Customer,30,Business_travel,Business,2657,4,5,1,4,1,3,1,8,7,neutral_or_dissatisfied
498,Female,Loyal_Customer,48,Business_travel,Business,544,2,2,4,5,4,4,5,62,46,satisfied
503,Female,Loyal_Customer,46,Business_travel,Business,3185,2,5,5,3,2,2,1,0,0,neutral_or_dissatisfied
3,Male,Loyal_Customer,44,Business_travel,Business,3377,0,0,3,4,1,1,4,0,6,satisfied
20,Male,Loyal_Customer,60,Business_travel,Business,612,4,4,2,5,5,5,5,21,49,satisfied
23,Male,Loyal_Customer,25,Business_travel,Business,1428,4,4,4,4,4,5,4,0,0,satisfied
26,Male,Loyal_Customer,24,Business_travel,Business,3680,4,1,2,2,2,4,2,0,0,satisfied
28,Male,Loyal_Customer,44,Business_travel,Business,1543,3,5,5,5,5,5,5,0,0,satisfied
42,Male,Loyal_Customer,22,Business_travel,Business,277,3,3,3,3,1,2,3,116,177,neutral_or_dissatisfied
56,Male,Loyal_Customer,27,Business_travel,Business,566,3,3,5,5,5,1,5,0,0,satisfied
60,Male,Loyal_Customer,44,Business_travel,Business,158,3,3,5,5,4,4,5,66,57,satisfied
66,Male,Loyal_Customer,22,Business_travel,Business,1660,2,2,2,2,2,4,2,0,0,neutral_or_dissatisfied
71,Male,Loyal_Customer,35,Business_travel,Business,1042,3,2,2,3,3,3,2,0,0,neutral_or_dissatisfied
73,Male,Loyal_Customer,44,Business_travel,Business,366,3,3,2,4,4,4,4,5,24,satisfied
82,Male,Loyal_Customer,27,Business_travel,Business,2729,3,3,5,5,5,2,5,44,52,satisfied
83,Male,Loyal_Customer,55,Business_travel,Business,1400,3,5,4,2,3,3,4,1,0,neutral_or_dissatisfied
90,Male,Loyal_Customer,45,Business_travel,Business,2580,3,3,3,4,5,5,4,0,11,satisfied
92,Male,Loyal_Customer,59,Business_travel,Business,3358,3,3,3,4,4,4,3,0,0,satisfied
97,Male,Loyal_Customer,35,Business_travel,Business,2409,3,3,1,3,4,4,3,0,0,satisfied
104,Male,Loyal_Customer,50,Business_travel,Business,2475,5,5,2,4,2,2,5,0,0,satisfied
105,Male,Loyal_Customer,54,Business_travel,Business,2544,5,5,5,5,3,3,5,62,66,satisfied
106,Male,Loyal_Customer,56,Business_travel,Business,2556,4,4,4,4,4,4,5,117,113,satisfied
117,Male,Loyal_Customer,27,Business_travel,Business,3200,1,1,5,5,5,1,5,0,0,satisfied
119,Male,Loyal_Customer,31,Business_travel,Business,1999,4,5,5,5,5,4,5,0,4,satisfied
121,Male,Loyal_Customer,42,Business_travel,Business,537,2,2,1,3,5,5,3,0,0,satisfied
127,Male,Loyal_Customer,26,Business_travel,Business,1680,3,1,3,3,3,3,3,27,10,neutral_or_dissatisfied
128,Male,Loyal_Customer,37,Business_travel,Business,2401,2,2,5,1,4,4,5,94,86,satisfied
129,Male,Loyal_Customer,38,Business_travel,Business,2746,2,2,2,2,4,4,5,0,0,satisfied
134,Male,Loyal_Customer,40,Business_travel,Business,2400,4,3,2,5,5,5,3,0,0,satisfied
144,Male,Loyal_Customer,22,Business_travel,Business,3648,2,2,3,3,3,3,3,0,0,satisfied
147,Male,Loyal_Customer,56,Business_travel,Business,3131,1,1,2,4,4,4,5,0,0,satisfied
158,Male,Loyal_Customer,41,Business_travel,Business,2388,2,2,5,4,4,4,5,29,18,satisfied
159,Male,Loyal_Customer,43,Business_travel,Business,1678,1,1,3,4,2,2,5,0,0,satisfied
160,Male,Loyal_Customer,60,Business_travel,Business,1972,5,5,4,5,5,5,3,0,0,satisfied
165,Male,Loyal_Customer,47,Business_travel,Business,3556,2,2,3,3,5,5,4,0,0,satisfied
190,Male,Loyal_Customer,51,Business_travel,Business,2075,5,5,2,5,5,5,3,0,0,satisfied
193,Male,Loyal_Customer,54,Business_travel,Business,3138,1,1,5,4,4,4,4,0,0,satisfied
210,Male,Loyal_Customer,47,Business_travel,Business,2204,5,5,4,4,2,2,3,6,0,satisfied
214,Male,Loyal_Customer,59,Business_travel,Business,1199,4,2,5,4,4,4,1,0,15,neutral_or_dissatisfied
223,Male,Loyal_Customer,57,Business_travel,Business,1859,1,1,2,5,4,4,5,16,15,satisfied
230,Male,Loyal_Customer,53,Business_travel,Business,1464,3,2,5,4,3,3,3,0,0,neutral_or_dissatisfied
232,Male,Loyal_Customer,33,Business_travel,Business,541,2,2,4,4,4,4,4,86,85,satisfied
239,Male,Loyal_Customer,54,Business_travel,Business,1741,1,1,4,5,4,4,3,0,0,satisfied
240,Male,Loyal_Customer,36,Business_travel,Business,2651,4,4,3,4,5,5,3,10,0,satisfied
249,Male,Loyal_Customer,59,Business_travel,Business,2176,2,3,3,2,5,5,4,5,0,satisfied
254,Male,Loyal_Customer,59,Business_travel,Business,1491,3,3,2,4,3,3,3,15,14,satisfied
259,Male,Loyal_Customer,50,Business_travel,Business,2614,2,2,5,4,2,2,4,0,9,satisfied
288,Male,Loyal_Customer,40,Business_travel,Business,2280,4,4,3,5,5,5,5,19,38,satisfied
299,Male,Loyal_Customer,59,Business_travel,Business,1598,3,3,4,4,5,5,5,0,0,satisfied
305,Male,Loyal_Customer,56,Business_travel,Business,3927,4,4,5,5,4,4,4,0,1,satisfied
308,Male,Loyal_Customer,42,Business_travel,Business,3404,5,5,3,4,5,5,3,8,0,satisfied
309,Male,Loyal_Customer,56,Business_travel,Business,2387,4,4,2,4,3,3,3,33,21,satisfied
310,Male,Loyal_Customer,27,Business_travel,Business,192,3,3,4,3,4,3,4,0,1,satisfied
314,Male,Loyal_Customer,53,Business_travel,Business,2611,4,5,4,5,4,4,4,0,0,satisfied
319,Male,Loyal_Customer,50,Business_travel,Business,3511,3,5,1,1,3,3,3,0,29,neutral_or_dissatisfied
321,Male,Loyal_Customer,34,Business_travel,Business,3666,4,4,5,5,5,5,3,0,0,satisfied
324,Male,Loyal_Customer,46,Business_travel,Business,235,2,2,3,4,4,4,3,24,24,satisfied
336,Male,Loyal_Customer,39,Business_travel,Business,337,4,4,2,4,5,5,4,5,0,satisfied
337,Male,Loyal_Customer,50,Business_travel,Business,1363,2,2,2,2,3,5,2,238,232,satisfied
339,Male,Loyal_Customer,41,Business_travel,Business,1620,4,4,4,5,2,2,5,7,0,satisfied
341,Male,Loyal_Customer,41,Business_travel,Business,1616,4,4,5,5,4,4,5,2,6,satisfied
355,Male,Loyal_Customer,55,Business_travel,Business,2896,1,1,3,5,5,5,3,2,0,satisfied
366,Male,Loyal_Customer,41,Business_travel,Business,990,4,4,4,5,4,4,3,37,38,satisfied
380,Male,Loyal_Customer,28,Business_travel,Business,833,3,3,2,2,2,1,2,0,0,satisfied
383,Male,Loyal_Customer,60,Business_travel,Business,2254,3,3,4,4,4,4,4,2,0,satisfied
387,Male,Loyal_Customer,13,Business_travel,Business,1529,5,5,4,4,4,5,4,0,0,satisfied
390,Male,Loyal_Customer,44,Business_travel,Business,1262,1,1,3,5,4,4,4,0,0,satisfied
394,Male,Loyal_Customer,16,Business_travel,Business,2865,2,2,5,5,5,5,5,2,0,satisfied
403,Male,Loyal_Customer,46,Business_travel,Business,1050,1,0,2,3,4,4,2,0,0,neutral_or_dissatisfied
414,Male,Loyal_Customer,47,Business_travel,Business,1846,2,2,5,4,4,4,5,62,55,satisfied
415,Male,Loyal_Customer,42,Business_travel,Business,2475,1,1,5,4,5,5,3,0,0,satisfied
421,Male,Loyal_Customer,38,Business_travel,Business,2355,2,2,3,3,5,5,3,24,0,satisfied
423,Male,Loyal_Customer,41,Business_travel,Business,2563,2,2,3,4,3,3,3,0,0,satisfied
434,Male,Loyal_Customer,55,Business_travel,Business,3934,3,3,5,5,4,4,3,0,0,satisfied
435,Male,Loyal_Customer,51,Business_travel,Business,2704,4,4,5,5,3,4,5,60,75,satisfied
437,Male,Loyal_Customer,25,Business_travel,Business,3848,1,2,4,4,4,2,4,0,0,satisfied
441,Male,Loyal_Customer,73,Business_travel,Business,2141,1,1,3,3,2,2,4,0,0,neutral_or_dissatisfied
445,Male,Loyal_Customer,33,Business_travel,Business,3679,2,2,5,5,5,2,5,0,0,satisfied
449,Male,Loyal_Customer,62,Business_travel,Business,3179,1,1,4,4,4,4,4,0,0,satisfied
451,Male,Loyal_Customer,57,Business_travel,Business,2807,1,1,2,4,5,5,4,0,7,satisfied
452,Male,Loyal_Customer,34,Business_travel,Business,3802,0,0,3,1,2,2,2,0,0,satisfied
461,Male,Loyal_Customer,52,Business_travel,Business,1778,4,4,2,4,3,3,5,4,7,satisfied
468,Male,Loyal_Customer,41,Business_travel,Business,2556,4,4,4,4,5,5,4,0,0,satisfied
470,Male,Loyal_Customer,40,Business_travel,Business,3034,2,2,4,5,4,4,4,8,28,satisfied
473,Male,Loyal_Customer,29,Business_travel,Business,2218,3,3,3,3,3,4,3,0,0,satisfied
477,Male,Loyal_Customer,41,Business_travel,Business,3423,3,3,4,4,5,5,1,0,0,satisfied
478,Male,Loyal_Customer,60,Business_travel,Business,493,4,4,2,5,3,3,3,0,0,satisfied
481,Male,Loyal_Customer,32,Business_travel,Business,2187,2,2,3,3,3,4,3,0,0,satisfied
491,Male,Loyal_Customer,41,Business_travel,Business,405,1,1,3,5,1,1,4,0,5,satisfied
492,Male,Loyal_Customer,31,Business_travel,Business,1598,5,5,4,4,4,4,4,0,0,satisfied
494,Male,Loyal_Customer,64,Business_travel,Business,2475,3,3,2,5,5,5,3,4,0,satisfied
495,Male,Loyal_Customer,52,Business_travel,Business,3935,1,1,3,5,4,4,3,0,25,satisfied
502,Male,Loyal_Customer,60,Business_travel,Business,1276,3,1,5,4,3,3,2,10,0,neutral_or_dissatisfied
504,Male,Loyal_Customer,55,Business_travel,Business,451,1,1,4,5,4,4,3,0,2,satisfied
505,Male,Loyal_Customer,41,Business_travel,Business,1981,4,4,4,2,5,5,4,0,0,satisfied
507,Male,Loyal_Customer,57,Business_travel,Business,1005,4,4,5,4,5,5,5,3,0,satisfied
70,Female,Loyal_Customer,53,Personal_Travel,Business,1242,3,4,3,5,1,1,4,3,0,neutral_or_dissatisfied
72,Female,Loyal_Customer,54,Personal_Travel,Business,153,3,5,2,5,2,2,5,0,0,neutral_or_dissatisfied
85,Female,Loyal_Customer,31,Personal_Travel,Business,334,2,1,5,5,5,4,5,5,0,neutral_or_dissatisfied
258,Female,Loyal_Customer,65,Personal_Travel,Business,1249,3,5,4,4,3,3,5,40,44,neutral_or_dissatisfied
30,Male,Loyal_Customer,43,Personal_Travel,Business,1235,1,5,1,4,3,3,5,0,0,neutral_or_dissatisfied
123,Male,Loyal_Customer,59,Personal_Travel,Business,639,2,1,4,3,3,3,1,0,11,neutral_or_dissatisfied
268,Male,Loyal_Customer,38,Personal_Travel,Business,1237,3,4,4,4,5,5,5,6,0,neutral_or_dissatisfied
329,Male,Loyal_Customer,61,Personal_Travel,Business,680,4,4,3,4,1,1,3,2,0,neutral_or_dissatisfied
334,Male,Loyal_Customer,66,Personal_Travel,Business,685,2,4,5,5,3,3,4,0,0,neutral_or_dissatisfied
490,Male,Loyal_Customer,17,Personal_Travel,Business,200,3,1,2,2,2,3,2,40,27,neutral_or_dissatisfied
506,Male,Loyal_Customer,59,Personal_Travel,Business,1605,2,5,2,5,2,2,4,41,19,neutral_or_dissatisfied
24,Female,disloyal_Customer,30,Business_travel,Eco,528,4,3,2,2,2,4,2,0,0,neutral_or_dissatisfied
76,Female,disloyal_Customer,24,Business_travel,Eco,1172,2,3,5,5,5,5,5,28,27,neutral_or_dissatisfied
86,Female,disloyal_Customer,37,Business_travel,Eco,158,1,2,1,1,1,3,1,24,20,neutral_or_dissatisfied
91,Female,disloyal_Customer,42,Business_travel,Eco,84,3,5,5,5,5,4,5,0,34,neutral_or_dissatisfied
100,Female,disloyal_Customer,36,Business_travel,Eco,1061,2,2,4,4,4,2,4,13,0,neutral_or_dissatisfied
115,Female,disloyal_Customer,36,Business_travel,Eco,247,2,1,1,1,1,2,1,16,6,neutral_or_dissatisfied
153,Female,disloyal_Customer,29,Business_travel,Eco,158,4,0,2,2,2,2,2,0,0,satisfied
166,Female,disloyal_Customer,27,Business_travel,Eco,191,4,4,5,5,5,3,5,16,12,neutral_or_dissatisfied
169,Female,disloyal_Customer,20,Business_travel,Eco,471,4,5,3,3,3,4,3,0,0,neutral_or_dissatisfied
179,Female,disloyal_Customer,8,Business_travel,Eco,946,2,2,3,3,3,3,3,2,0,neutral_or_dissatisfied
196,Female,disloyal_Customer,20,Business_travel,Eco,337,4,0,4,4,4,5,4,0,0,satisfied
224,Female,disloyal_Customer,27,Business_travel,Eco,986,2,1,1,1,1,3,1,24,32,neutral_or_dissatisfied
225,Female,disloyal_Customer,25,Business_travel,Eco,1024,1,1,5,5,5,4,5,13,11,neutral_or_dissatisfied
228,Female,disloyal_Customer,23,Business_travel,Eco,423,3,3,1,1,1,3,1,6,13,neutral_or_dissatisfied
234,Female,disloyal_Customer,8,Business_travel,Eco,2092,2,3,4,4,4,3,4,26,23,neutral_or_dissatisfied
244,Female,disloyal_Customer,27,Business_travel,Eco,1081,1,1,2,2,2,1,2,4,0,neutral_or_dissatisfied
269,Female,disloyal_Customer,38,Business_travel,Eco,1062,1,1,3,3,3,3,3,0,0,neutral_or_dissatisfied
311,Female,disloyal_Customer,21,Business_travel,Eco,972,2,2,4,4,4,5,4,0,0,neutral_or_dissatisfied
347,Female,disloyal_Customer,20,Business_travel,Eco,317,3,4,3,3,3,4,3,23,14,neutral_or_dissatisfied
360,Female,disloyal_Customer,25,Business_travel,Eco,782,2,2,1,1,1,3,1,9,19,neutral_or_dissatisfied
373,Female,disloyal_Customer,48,Business_travel,Eco,1310,1,1,1,1,1,4,1,52,27,neutral_or_dissatisfied
379,Female,disloyal_Customer,24,Business_travel,Eco,1455,2,2,2,4,2,3,4,0,0,neutral_or_dissatisfied
395,Female,disloyal_Customer,24,Business_travel,Eco,920,4,4,3,3,3,3,3,0,0,neutral_or_dissatisfied
404,Female,disloyal_Customer,15,Business_travel,Eco,370,3,2,4,3,4,4,4,3,8,neutral_or_dissatisfied
424,Female,disloyal_Customer,15,Business_travel,Eco,986,2,2,1,1,1,4,1,0,6,neutral_or_dissatisfied
433,Female,disloyal_Customer,25,Business_travel,Eco,196,2,4,5,5,5,1,5,0,5,neutral_or_dissatisfied
448,Female,disloyal_Customer,31,Business_travel,Eco,1118,1,1,2,2,2,4,2,0,20,neutral_or_dissatisfied
464,Female,disloyal_Customer,24,Business_travel,Eco,577,3,3,2,2,2,2,2,0,0,neutral_or_dissatisfied
500,Female,disloyal_Customer,23,Business_travel,Eco,271,5,0,3,4,3,5,3,62,84,satisfied
2,Male,disloyal_Customer,20,Business_travel,Eco,192,2,0,2,2,2,2,2,0,0,neutral_or_dissatisfied
32,Male,disloyal_Customer,41,Business_travel,Eco,624,2,3,5,5,5,4,5,0,0,neutral_or_dissatisfied
41,Male,disloyal_Customer,24,Business_travel,Eco,725,4,4,2,2,2,5,2,0,4,satisfied
59,Male,disloyal_Customer,36,Business_travel,Eco,331,2,0,1,1,1,3,1,0,0,neutral_or_dissatisfied
79,Male,disloyal_Customer,36,Business_travel,Eco,692,1,1,1,1,1,2,1,0,0,neutral_or_dissatisfied
84,Male,disloyal_Customer,21,Business_travel,Eco,447,2,2,1,1,1,3,1,7,0,neutral_or_dissatisfied
111,Male,disloyal_Customer,25,Business_travel,Eco,1310,2,2,3,3,3,4,3,0,24,neutral_or_dissatisfied
116,Male,disloyal_Customer,36,Business_travel,Eco,338,3,4,2,2,2,3,2,0,0,neutral_or_dissatisfied
156,Male,disloyal_Customer,15,Business_travel,Eco,449,1,4,3,4,3,5,3,0,0,neutral_or_dissatisfied
248,Male,disloyal_Customer,49,Business_travel,Eco,1754,3,3,4,5,4,4,4,33,28,neutral_or_dissatisfied
285,Male,disloyal_Customer,21,Business_travel,Eco,257,2,0,5,1,5,5,5,0,1,neutral_or_dissatisfied
348,Male,disloyal_Customer,46,Business_travel,Eco,1892,3,3,2,2,2,3,2,0,0,neutral_or_dissatisfied
399,Male,disloyal_Customer,21,Business_travel,Eco,1773,3,3,4,4,4,5,4,0,0,neutral_or_dissatisfied
416,Male,disloyal_Customer,19,Business_travel,Eco,461,3,3,3,4,4,4,4,141,121,neutral_or_dissatisfied
418,Male,disloyal_Customer,18,Business_travel,Eco,533,3,5,2,3,2,4,2,0,0,neutral_or_dissatisfied
453,Male,disloyal_Customer,45,Business_travel,Eco,926,3,3,5,2,5,4,5,26,44,neutral_or_dissatisfied
460,Male,disloyal_Customer,24,Business_travel,Eco,834,4,4,5,5,5,1,5,14,0,satisfied
462,Male,disloyal_Customer,43,Business_travel,Eco,1052,3,4,4,4,4,1,4,0,0,neutral_or_dissatisfied
0,Female,Loyal_Customer,52,Business_travel,Eco,160,5,4,3,3,5,5,5,50,44,satisfied
4,Female,Loyal_Customer,49,Business_travel,Eco,1182,2,3,4,2,2,2,4,0,20,satisfied
10,Female,Loyal_Customer,47,Business_travel,Eco,1235,4,1,5,5,3,3,4,29,19,satisfied
16,Female,Loyal_Customer,31,Business_travel,Eco,728,2,5,2,2,2,3,2,2,0,neutral_or_dissatisfied
27,Female,Loyal_Customer,22,Business_travel,Eco,1521,4,1,4,4,4,5,4,3,13,satisfied
31,Female,Loyal_Customer,56,Business_travel,Eco,308,2,3,5,5,2,2,2,0,0,satisfied
34,Female,Loyal_Customer,53,Business_travel,Eco,192,5,2,3,2,5,5,4,0,1,satisfied
45,Female,Loyal_Customer,62,Business_travel,Eco,550,5,1,4,1,5,5,2,92,90,satisfied
52,Female,Loyal_Customer,53,Business_travel,Eco,520,4,2,3,4,4,4,3,17,0,satisfied
89,Female,Loyal_Customer,53,Business_travel,Eco,329,1,0,1,3,4,4,1,0,0,neutral_or_dissatisfied
93,Female,Loyal_Customer,54,Business_travel,Eco,308,2,1,5,3,2,2,1,83,95,neutral_or_dissatisfied
122,Female,Loyal_Customer,45,Business_travel,Eco,288,5,1,1,3,5,5,3,29,40,satisfied
146,Female,Loyal_Customer,43,Business_travel,Eco,563,4,4,3,5,4,4,5,0,0,satisfied
152,Female,Loyal_Customer,25,Business_travel,Eco,1874,4,3,4,3,4,1,4,86,78,satisfied
154,Female,Loyal_Customer,48,Business_travel,Eco,95,5,3,1,1,5,5,2,0,0,satisfied
163,Female,Loyal_Customer,42,Business_travel,Eco,212,5,3,5,5,5,5,2,82,72,satisfied
192,Female,Loyal_Customer,38,Business_travel,Eco,599,1,4,1,1,1,3,1,8,0,neutral_or_dissatisfied
208,Female,Loyal_Customer,50,Business_travel,Eco,1276,2,2,4,3,2,2,1,35,49,neutral_or_dissatisfied
226,Female,Loyal_Customer,52,Business_travel,Eco,919,3,4,3,2,3,3,1,85,72,neutral_or_dissatisfied
260,Female,Loyal_Customer,20,Business_travel,Eco,951,2,3,2,4,2,4,2,57,41,neutral_or_dissatisfied
286,Female,Loyal_Customer,31,Business_travel,Eco,164,2,3,2,2,2,3,2,0,0,neutral_or_dissatisfied
323,Female,Loyal_Customer,56,Business_travel,Eco,106,5,2,4,2,5,5,3,11,4,satisfied
328,Female,Loyal_Customer,44,Business_travel,Eco,222,4,1,2,5,3,3,3,0,0,satisfied
342,Female,Loyal_Customer,31,Business_travel,Eco,646,3,4,3,3,3,3,3,0,0,neutral_or_dissatisfied
385,Female,Loyal_Customer,47,Business_travel,Eco,522,4,5,3,1,4,4,2,40,26,satisfied
391,Female,Loyal_Customer,50,Business_travel,Eco,109,5,1,4,1,5,5,2,0,11,satisfied
425,Female,Loyal_Customer,49,Business_travel,Eco,1750,1,5,1,1,4,2,1,132,117,neutral_or_dissatisfied
427,Female,Loyal_Customer,39,Business_travel,Eco,229,5,5,5,5,5,2,5,0,0,satisfied
439,Female,Loyal_Customer,55,Business_travel,Eco,907,2,3,4,3,2,2,3,19,11,neutral_or_dissatisfied
497,Female,Loyal_Customer,42,Business_travel,Eco,292,5,2,5,2,5,5,5,32,29,satisfied
508,Female,Loyal_Customer,36,Business_travel,Eco,455,3,1,3,3,3,3,3,0,0,neutral_or_dissatisfied
5,Male,Loyal_Customer,16,Business_travel,Eco,311,3,3,5,3,5,2,5,0,0,satisfied
8,Male,Loyal_Customer,47,Business_travel,Eco,556,5,2,5,5,5,3,5,1,0,satisfied
29,Male,Loyal_Customer,51,Business_travel,Eco,235,4,3,4,4,4,4,4,0,0,neutral_or_dissatisfied
53,Male,Loyal_Customer,56,Business_travel,Eco,321,2,3,2,2,2,3,2,0,0,neutral_or_dissatisfied
63,Male,Loyal_Customer,66,Business_travel,Eco,404,4,1,4,4,4,5,4,9,6,satisfied
110,Male,Loyal_Customer,45,Business_travel,Eco,1660,4,1,4,4,4,3,4,0,7,neutral_or_dissatisfied
140,Male,Loyal_Customer,13,Business_travel,Eco,1400,2,1,2,2,2,4,2,0,0,neutral_or_dissatisfied
202,Male,Loyal_Customer,53,Business_travel,Eco,359,1,3,1,1,1,4,1,0,0,neutral_or_dissatisfied
229,Male,Loyal_Customer,55,Business_travel,Eco,1416,5,2,5,5,5,5,5,1,0,satisfied
243,Male,Loyal_Customer,42,Business_travel,Eco,2586,1,3,1,1,3,4,1,0,0,neutral_or_dissatisfied
252,Male,Loyal_Customer,36,Business_travel,Eco,325,5,5,5,5,5,3,5,0,0,satisfied
278,Male,Loyal_Customer,41,Business_travel,Eco,862,2,2,2,2,2,3,2,0,0,satisfied
283,Male,Loyal_Customer,41,Business_travel,Eco,772,4,3,4,4,4,3,4,0,0,satisfied
287,Male,Loyal_Customer,38,Business_travel,Eco,166,4,3,4,4,4,5,4,17,17,satisfied
298,Male,Loyal_Customer,38,Business_travel,Eco,198,4,5,4,4,4,3,4,42,65,neutral_or_dissatisfied
304,Male,Loyal_Customer,22,Business_travel,Eco,1076,5,1,5,5,5,1,5,47,62,satisfied
340,Male,Loyal_Customer,46,Business_travel,Eco,552,4,4,4,4,4,3,4,4,0,satisfied
346,Male,Loyal_Customer,25,Business_travel,Eco,646,4,5,4,4,4,3,4,13,4,satisfied
363,Male,Loyal_Customer,39,Business_travel,Eco,109,3,3,3,3,3,3,3,0,5,neutral_or_dissatisfied
364,Male,Loyal_Customer,79,Business_travel,Eco,414,2,1,2,2,2,3,2,1,0,neutral_or_dissatisfied
370,Male,Loyal_Customer,48,Business_travel,Eco,425,5,4,5,5,5,4,5,0,0,satisfied
371,Male,Loyal_Customer,53,Business_travel,Eco,1095,3,5,3,3,3,4,3,0,0,neutral_or_dissatisfied
386,Male,Loyal_Customer,60,Business_travel,Eco,283,3,4,3,3,3,4,3,20,16,neutral_or_dissatisfied
398,Male,Loyal_Customer,50,Business_travel,Eco,2349,4,3,4,4,4,4,4,0,0,satisfied
408,Male,Loyal_Customer,54,Business_travel,Eco,528,2,3,2,2,2,2,2,0,0,neutral_or_dissatisfied
412,Male,Loyal_Customer,26,Business_travel,Eco,352,3,5,3,1,3,4,3,108,99,neutral_or_dissatisfied
422,Male,Loyal_Customer,41,Business_travel,Eco,77,5,1,5,5,5,2,5,0,0,satisfied
501,Male,Loyal_Customer,74,Business_travel,Eco,134,2,5,2,2,2,2,2,43,41,neutral_or_dissatisfied
18,Female,Loyal_Customer,43,Personal_Travel,Eco,1927,3,4,4,5,5,5,3,0,0,neutral_or_dissatisfied
39,Female,Loyal_Customer,40,Personal_Travel,Eco,628,1,4,5,5,5,4,5,4,0,neutral_or_dissatisfied
47,Female,Loyal_Customer,59,Personal_Travel,Eco,460,2,5,3,4,5,5,2,4,2,neutral_or_dissatisfied
49,Female,Loyal_Customer,44,Personal_Travel,Eco,1205,2,4,4,3,4,4,2,0,0,neutral_or_dissatisfied
57,Female,Loyal_Customer,67,Personal_Travel,Eco,626,3,4,2,5,3,3,5,0,0,neutral_or_dissatisfied
58,Female,Loyal_Customer,32,Personal_Travel,Eco,130,3,0,4,5,4,3,4,3,4,neutral_or_dissatisfied
61,Female,Loyal_Customer,70,Personal_Travel,Eco,1829,1,4,2,5,5,5,3,0,0,neutral_or_dissatisfied
62,Female,Loyal_Customer,55,Personal_Travel,Eco,646,3,2,4,4,5,5,3,0,3,neutral_or_dissatisfied
67,Female,Loyal_Customer,69,Personal_Travel,Eco,872,2,3,4,3,5,5,3,14,0,neutral_or_dissatisfied
75,Female,Loyal_Customer,44,Personal_Travel,Eco,528,2,5,2,4,5,5,3,0,0,neutral_or_dissatisfied
77,Female,Loyal_Customer,54,Personal_Travel,Eco,999,2,4,4,5,5,5,4,0,0,neutral_or_dissatisfied
81,Female,Loyal_Customer,50,Personal_Travel,Eco,140,2,4,4,5,2,2,5,0,0,neutral_or_dissatisfied
88,Female,Loyal_Customer,21,Personal_Travel,Eco,846,1,4,3,3,3,5,3,9,17,neutral_or_dissatisfied
96,Female,Loyal_Customer,38,Personal_Travel,Eco,397,2,5,5,5,5,5,5,0,0,neutral_or_dissatisfied
98,Female,Loyal_Customer,41,Personal_Travel,Eco,545,2,2,4,4,4,4,4,0,0,neutral_or_dissatisfied
102,Female,Loyal_Customer,38,Personal_Travel,Eco,293,4,4,5,5,5,4,5,5,0,satisfied
103,Female,Loyal_Customer,50,Personal_Travel,Eco,1085,3,5,5,5,5,5,4,0,0,neutral_or_dissatisfied
108,Female,Loyal_Customer,7,Personal_Travel,Eco,1120,3,5,2,2,2,5,2,16,13,neutral_or_dissatisfied
125,Female,Loyal_Customer,22,Personal_Travel,Eco,213,3,5,3,1,3,2,3,0,17,neutral_or_dissatisfied
130,Female,Loyal_Customer,17,Personal_Travel,Eco,89,3,4,5,3,5,5,5,0,0,neutral_or_dissatisfied
132,Female,Loyal_Customer,53,Personal_Travel,Eco,404,3,3,4,4,5,5,2,0,0,neutral_or_dissatisfied
138,Female,Loyal_Customer,7,Personal_Travel,Eco,516,2,4,5,5,5,4,5,0,0,neutral_or_dissatisfied
142,Female,Loyal_Customer,49,Personal_Travel,Eco,134,3,3,5,3,4,4,4,8,3,neutral_or_dissatisfied
148,Female,Loyal_Customer,69,Personal_Travel,Eco,631,3,5,3,4,5,5,1,0,0,neutral_or_dissatisfied
161,Female,Loyal_Customer,42,Personal_Travel,Eco,337,4,1,3,3,3,3,2,0,0,satisfied
162,Female,Loyal_Customer,8,Personal_Travel,Eco,253,3,3,4,4,4,3,4,0,0,neutral_or_dissatisfied
178,Female,Loyal_Customer,22,Personal_Travel,Eco,284,3,5,3,3,3,5,3,34,35,neutral_or_dissatisfied
185,Female,Loyal_Customer,32,Personal_Travel,Eco,641,3,4,2,2,2,4,2,0,0,neutral_or_dissatisfied
186,Female,Loyal_Customer,65,Personal_Travel,Eco,581,4,4,4,4,1,1,5,1,3,neutral_or_dissatisfied
189,Female,Loyal_Customer,67,Personal_Travel,Eco,599,3,1,1,2,3,3,1,0,0,neutral_or_dissatisfied
194,Female,Loyal_Customer,57,Personal_Travel,Eco,251,1,5,3,3,1,1,3,0,4,neutral_or_dissatisfied
200,Female,Loyal_Customer,39,Personal_Travel,Eco,1005,1,4,2,5,5,4,5,168,163,neutral_or_dissatisfied
203,Female,Loyal_Customer,61,Personal_Travel,Eco,1217,0,4,5,5,4,4,4,0,0,satisfied
212,Female,Loyal_Customer,38,Personal_Travel,Eco,562,5,3,4,4,4,3,4,0,0,satisfied
218,Female,Loyal_Customer,48,Personal_Travel,Eco,362,4,4,2,5,3,3,4,0,0,neutral_or_dissatisfied
231,Female,Loyal_Customer,9,Personal_Travel,Eco,715,4,4,1,1,1,4,1,11,4,satisfied
241,Female,Loyal_Customer,11,Personal_Travel,Eco,760,3,5,5,5,5,4,5,102,88,neutral_or_dissatisfied
242,Female,Loyal_Customer,32,Personal_Travel,Eco,1036,1,5,5,5,5,4,5,12,9,neutral_or_dissatisfied
255,Female,Loyal_Customer,29,Personal_Travel,Eco,331,3,4,3,3,3,4,3,0,0,neutral_or_dissatisfied
267,Female,Loyal_Customer,50,Personal_Travel,Eco,488,3,5,3,5,5,5,3,0,0,neutral_or_dissatisfied
277,Female,Loyal_Customer,52,Personal_Travel,Eco,2279,2,5,2,2,5,4,2,17,79,neutral_or_dissatisfied
279,Female,Loyal_Customer,14,Personal_Travel,Eco,666,3,3,3,1,4,4,1,243,251,neutral_or_dissatisfied
296,Female,Loyal_Customer,39,Personal_Travel,Eco,889,2,5,3,3,3,4,3,38,30,neutral_or_dissatisfied
315,Female,Loyal_Customer,64,Personal_Travel,Eco,651,4,5,2,4,2,2,5,0,0,neutral_or_dissatisfied
316,Female,Loyal_Customer,49,Personal_Travel,Eco,342,3,4,4,4,4,4,5,0,0,neutral_or_dissatisfied
327,Female,Loyal_Customer,10,Personal_Travel,Eco,1558,2,4,1,1,1,4,1,91,93,neutral_or_dissatisfied
343,Female,Loyal_Customer,53,Personal_Travel,Eco,404,4,4,5,5,3,3,5,21,13,neutral_or_dissatisfied
352,Female,Loyal_Customer,14,Personal_Travel,Eco,237,2,4,2,2,2,5,2,3,12,neutral_or_dissatisfied
354,Female,Loyal_Customer,53,Personal_Travel,Eco,950,1,5,2,4,1,1,3,0,0,neutral_or_dissatisfied
357,Female,Loyal_Customer,49,Personal_Travel,Eco,197,2,3,4,3,3,3,1,3,0,neutral_or_dissatisfied
359,Female,Loyal_Customer,70,Personal_Travel,Eco,541,3,4,4,4,5,5,5,0,0,neutral_or_dissatisfied
369,Female,Loyal_Customer,21,Personal_Travel,Eco,401,3,2,5,5,5,3,5,71,117,neutral_or_dissatisfied
381,Female,Loyal_Customer,17,Personal_Travel,Eco,1892,1,1,1,2,1,3,1,0,0,neutral_or_dissatisfied
392,Female,Loyal_Customer,26,Personal_Travel,Eco,271,3,0,5,5,5,4,5,100,93,neutral_or_dissatisfied
405,Female,Loyal_Customer,29,Personal_Travel,Eco,413,3,1,1,1,1,4,1,7,14,neutral_or_dissatisfied
406,Female,Loyal_Customer,12,Personal_Travel,Eco,372,4,5,5,5,5,5,5,89,88,neutral_or_dissatisfied
431,Female,Loyal_Customer,31,Personal_Travel,Eco,261,3,4,3,3,3,4,3,87,75,neutral_or_dissatisfied
432,Female,Loyal_Customer,32,Personal_Travel,Eco,557,3,4,3,3,3,5,3,81,63,neutral_or_dissatisfied
438,Female,Loyal_Customer,70,Personal_Travel,Eco,409,3,5,2,5,5,5,3,0,14,neutral_or_dissatisfied
446,Female,Loyal_Customer,13,Personal_Travel,Eco,501,3,4,2,2,2,4,2,0,0,neutral_or_dissatisfied
454,Female,Loyal_Customer,65,Personal_Travel,Eco,192,1,2,5,3,2,2,3,0,0,neutral_or_dissatisfied
456,Female,Loyal_Customer,8,Personal_Travel,Eco,733,4,2,3,3,3,2,3,0,0,neutral_or_dissatisfied
459,Female,Loyal_Customer,10,Personal_Travel,Eco,2338,3,4,5,5,5,5,5,1,0,neutral_or_dissatisfied
466,Female,Loyal_Customer,8,Personal_Travel,Eco,237,1,5,2,3,2,4,2,0,0,neutral_or_dissatisfied
480,Female,Loyal_Customer,68,Personal_Travel,Eco,1117,3,2,3,3,5,5,4,7,0,neutral_or_dissatisfied
487,Female,Loyal_Customer,50,Personal_Travel,Eco,370,2,1,1,3,4,4,3,0,0,neutral_or_dissatisfied
15,Male,Loyal_Customer,50,Personal_Travel,Eco,83,3,4,2,2,2,5,2,5,2,neutral_or_dissatisfied
21,Male,Loyal_Customer,43,Personal_Travel,Eco,1437,3,4,2,2,2,5,2,0,0,neutral_or_dissatisfied
22,Male,Loyal_Customer,55,Personal_Travel,Eco,302,1,2,4,4,4,3,4,0,0,neutral_or_dissatisfied
25,Male,Loyal_Customer,62,Personal_Travel,Eco,710,3,5,2,2,2,4,2,0,0,neutral_or_dissatisfied
33,Male,Loyal_Customer,22,Personal_Travel,Eco,1846,4,5,5,5,5,4,5,40,68,neutral_or_dissatisfied
35,Male,Loyal_Customer,12,Personal_Travel,Eco,674,3,4,1,1,1,4,1,80,70,neutral_or_dissatisfied
101,Male,Loyal_Customer,67,Personal_Travel,Eco,899,2,5,2,2,2,5,2,0,0,neutral_or_dissatisfied
107,Male,Loyal_Customer,38,Personal_Travel,Eco,237,3,4,2,2,2,3,2,0,2,neutral_or_dissatisfied
113,Male,Loyal_Customer,34,Personal_Travel,Eco,209,3,4,1,1,1,3,1,0,0,neutral_or_dissatisfied
118,Male,Loyal_Customer,40,Personal_Travel,Eco,1368,3,4,3,3,3,4,3,0,0,neutral_or_dissatisfied
124,Male,Loyal_Customer,34,Personal_Travel,Eco,201,3,5,2,5,2,1,2,3,8,neutral_or_dissatisfied
126,Male,Loyal_Customer,21,Personal_Travel,Eco,1096,2,2,2,3,2,4,2,0,0,neutral_or_dissatisfied
149,Male,Loyal_Customer,59,Personal_Travel,Eco,351,4,3,1,1,1,4,1,0,0,satisfied
151,Male,Loyal_Customer,11,Personal_Travel,Eco,562,5,5,3,3,3,2,3,0,0,satisfied
175,Male,Loyal_Customer,19,Personal_Travel,Eco,587,3,4,1,1,1,4,1,0,0,neutral_or_dissatisfied
177,Male,Loyal_Customer,44,Personal_Travel,Eco,1249,3,4,5,5,5,4,5,25,6,neutral_or_dissatisfied
181,Male,Loyal_Customer,46,Personal_Travel,Eco,895,4,5,1,1,1,5,1,40,25,satisfied
183,Male,Loyal_Customer,62,Personal_Travel,Eco,588,2,1,1,1,1,3,1,0,0,neutral_or_dissatisfied
195,Male,Loyal_Customer,13,Personal_Travel,Eco,1119,1,5,2,2,2,5,2,0,0,neutral_or_dissatisfied
205,Male,Loyal_Customer,16,Personal_Travel,Eco,2586,3,5,4,4,4,4,4,45,42,neutral_or_dissatisfied
213,Male,Loyal_Customer,31,Personal_Travel,Eco,404,5,1,3,3,3,4,3,0,0,satisfied
220,Male,Loyal_Customer,64,Personal_Travel,Eco,129,1,0,1,1,1,4,1,13,9,neutral_or_dissatisfied
221,Male,Loyal_Customer,67,Personal_Travel,Eco,591,2,4,5,3,5,5,5,0,0,neutral_or_dissatisfied
235,Male,Loyal_Customer,34,Personal_Travel,Eco,1053,4,4,3,3,3,5,3,34,15,neutral_or_dissatisfied
236,Male,Loyal_Customer,59,Personal_Travel,Eco,2521,1,1,1,5,2,2,5,0,2,neutral_or_dissatisfied
238,Male,Loyal_Customer,44,Personal_Travel,Eco,158,4,4,2,2,2,5,2,0,0,neutral_or_dissatisfied
245,Male,Loyal_Customer,33,Personal_Travel,Eco,646,2,4,3,3,3,5,3,1,0,neutral_or_dissatisfied
247,Male,Loyal_Customer,44,Personal_Travel,Eco,227,4,5,2,2,2,5,2,0,0,satisfied
257,Male,Loyal_Customer,7,Personal_Travel,Eco,727,1,5,4,4,4,4,4,0,0,neutral_or_dissatisfied
281,Male,Loyal_Customer,11,Personal_Travel,Eco,2338,2,4,2,1,3,4,1,152,151,neutral_or_dissatisfied
282,Male,Loyal_Customer,12,Personal_Travel,Eco,946,1,3,2,2,2,3,2,0,0,neutral_or_dissatisfied
289,Male,Loyal_Customer,13,Personal_Travel,Eco,590,5,4,5,5,5,4,5,0,0,satisfied
293,Male,Loyal_Customer,44,Personal_Travel,Eco,1024,3,1,4,4,4,3,4,2,0,neutral_or_dissatisfied
300,Male,Loyal_Customer,19,Personal_Travel,Eco,873,1,0,4,4,4,5,4,57,65,neutral_or_dissatisfied
302,Male,Loyal_Customer,22,Personal_Travel,Eco,1145,3,5,4,4,4,5,4,0,10,neutral_or_dissatisfied
306,Male,Loyal_Customer,39,Personal_Travel,Eco,507,3,5,4,4,4,5,4,0,0,neutral_or_dissatisfied
307,Male,Loyal_Customer,29,Personal_Travel,Eco,325,4,3,5,5,5,4,5,0,0,satisfied
325,Male,Loyal_Customer,25,Personal_Travel,Eco,965,2,5,2,2,2,5,2,0,0,neutral_or_dissatisfied
333,Male,Loyal_Customer,64,Personal_Travel,Eco,1024,4,4,4,4,4,4,4,12,5,neutral_or_dissatisfied
349,Male,Loyal_Customer,10,Personal_Travel,Eco,612,3,4,1,1,1,3,1,0,0,neutral_or_dissatisfied
351,Male,Loyal_Customer,32,Personal_Travel,Eco,1357,3,3,5,5,5,3,5,4,0,neutral_or_dissatisfied
362,Male,Loyal_Customer,7,Personal_Travel,Eco,563,2,4,2,2,2,4,2,0,0,neutral_or_dissatisfied
374,Male,Loyal_Customer,59,Personal_Travel,Eco,946,4,2,1,1,1,3,1,0,0,satisfied
376,Male,Loyal_Customer,24,Personal_Travel,Eco,125,2,4,2,3,2,3,2,47,94,neutral_or_dissatisfied
377,Male,Loyal_Customer,56,Personal_Travel,Eco,429,2,1,3,3,3,2,3,35,29,neutral_or_dissatisfied
400,Male,Loyal_Customer,61,Personal_Travel,Eco,802,1,3,4,4,4,4,4,0,0,neutral_or_dissatisfied
409,Male,Loyal_Customer,69,Personal_Travel,Eco,989,1,4,5,5,5,5,5,6,3,neutral_or_dissatisfied
410,Male,Loyal_Customer,38,Personal_Travel,Eco,920,1,2,3,3,3,4,3,0,0,neutral_or_dissatisfied
417,Male,Loyal_Customer,63,Personal_Travel,Eco,622,3,5,3,3,3,5,3,10,11,neutral_or_dissatisfied
419,Male,Loyal_Customer,52,Personal_Travel,Eco,125,3,5,3,2,3,3,3,0,0,neutral_or_dissatisfied
426,Male,Loyal_Customer,18,Personal_Travel,Eco,793,4,4,3,4,3,4,3,91,71,satisfied
440,Male,Loyal_Customer,53,Personal_Travel,Eco,262,1,5,5,5,5,1,5,70,55,neutral_or_dissatisfied
444,Male,Loyal_Customer,19,Personal_Travel,Eco,308,1,4,5,5,5,4,5,91,92,neutral_or_dissatisfied
450,Male,Loyal_Customer,29,Personal_Travel,Eco,1085,4,4,2,2,2,5,2,8,11,neutral_or_dissatisfied
457,Male,Loyal_Customer,36,Personal_Travel,Eco,814,1,0,5,5,5,5,5,32,12,neutral_or_dissatisfied
474,Male,Loyal_Customer,70,Personal_Travel,Eco,456,0,1,4,4,4,4,4,19,45,satisfied
479,Male,Loyal_Customer,39,Personal_Travel,Eco,163,3,5,1,1,1,4,1,0,0,neutral_or_dissatisfied
482,Male,Loyal_Customer,18,Personal_Travel,Eco,1342,3,4,3,3,3,5,3,0,0,neutral_or_dissatisfied
483,Male,Loyal_Customer,15,Personal_Travel,Eco,304,3,5,2,1,2,4,2,0,0,neutral_or_dissatisfied
485,Male,Loyal_Customer,49,Personal_Travel,Eco,216,3,4,3,3,3,4,3,0,0,neutral_or_dissatisfied
486,Male,Loyal_Customer,25,Personal_Travel,Eco,489,3,3,3,5,3,4,3,8,14,neutral_or_dissatisfied
499,Male,Loyal_Customer,29,Personal_Travel,Eco,861,1,1,4,4,4,4,4,0,0,neutral_or_dissatisfied
509,Male,Loyal_Customer,16,Personal_Travel,Eco,308,3,4,1,5,1,4,1,2,0,neutral_or_dissatisfied
74,Female,disloyal_Customer,26,Business_travel,Eco_Plus,913,1,2,4,3,4,4,4,0,0,neutral_or_dissatisfied
135,Female,disloyal_Customer,28,Business_travel,Eco_Plus,599,2,2,4,4,4,3,4,0,46,neutral_or_dissatisfied
276,Female,disloyal_Customer,37,Business_travel,Eco_Plus,373,4,4,3,3,3,1,3,0,0,neutral_or_dissatisfied
367,Female,disloyal_Customer,27,Business_travel,Eco_Plus,1192,1,1,1,1,1,4,1,0,32,neutral_or_dissatisfied
411,Female,disloyal_Customer,25,Business_travel,Eco_Plus,853,1,1,4,4,4,3,4,0,0,neutral_or_dissatisfied
164,Male,disloyal_Customer,18,Business_travel,Eco_Plus,342,1,1,3,3,3,3,3,32,41,neutral_or_dissatisfied
44,Female,Loyal_Customer,36,Business_travel,Eco_Plus,267,2,3,2,2,2,4,2,59,55,neutral_or_dissatisfied
188,Female,Loyal_Customer,30,Business_travel,Eco_Plus,326,0,0,2,2,2,5,2,0,0,satisfied
204,Female,Loyal_Customer,61,Business_travel,Eco_Plus,384,4,5,3,2,4,4,5,96,102,satisfied
217,Female,Loyal_Customer,56,Business_travel,Eco_Plus,308,4,2,5,4,4,4,2,0,0,satisfied
227,Female,Loyal_Customer,45,Business_travel,Eco_Plus,576,4,2,3,3,4,4,2,0,0,satisfied
292,Female,Loyal_Customer,30,Business_travel,Eco_Plus,814,5,5,5,5,5,3,5,0,0,satisfied
338,Female,Loyal_Customer,43,Business_travel,Eco_Plus,189,1,2,4,3,1,1,2,13,11,neutral_or_dissatisfied
442,Female,Loyal_Customer,32,Business_travel,Eco_Plus,859,0,0,3,2,3,4,3,0,0,satisfied
78,Male,Loyal_Customer,42,Business_travel,Eco_Plus,489,2,2,2,2,2,2,2,0,0,neutral_or_dissatisfied
120,Male,Loyal_Customer,25,Business_travel,Eco_Plus,680,0,5,1,1,1,5,1,0,0,satisfied
266,Male,Loyal_Customer,41,Business_travel,Eco_Plus,641,5,1,5,5,5,5,5,0,0,satisfied
382,Male,Loyal_Customer,31,Business_travel,Eco_Plus,789,2,4,2,2,2,4,2,0,0,neutral_or_dissatisfied
420,Male,Loyal_Customer,60,Business_travel,Eco_Plus,1464,3,2,3,3,3,4,3,0,3,neutral_or_dissatisfied
447,Male,Loyal_Customer,53,Business_travel,Eco_Plus,550,3,4,3,3,3,3,3,0,0,satisfied
50,Female,Loyal_Customer,58,Personal_Travel,Eco_Plus,990,3,5,3,5,1,1,3,0,0,neutral_or_dissatisfied
65,Female,Loyal_Customer,53,Personal_Travel,Eco_Plus,964,1,5,4,5,4,4,4,6,0,neutral_or_dissatisfied
95,Female,Loyal_Customer,52,Personal_Travel,Eco_Plus,406,3,4,2,4,2,2,4,0,0,neutral_or_dissatisfied
167,Female,Loyal_Customer,67,Personal_Travel,Eco_Plus,693,3,1,5,2,1,1,4,100,91,neutral_or_dissatisfied
262,Female,Loyal_Customer,45,Personal_Travel,Eco_Plus,545,2,5,4,1,2,2,3,14,20,neutral_or_dissatisfied
326,Female,Loyal_Customer,68,Personal_Travel,Eco_Plus,936,3,4,4,5,5,5,4,0,0,neutral_or_dissatisfied
330,Female,Loyal_Customer,18,Personal_Travel,Eco_Plus,641,3,4,4,1,4,4,4,13,1,neutral_or_dissatisfied
402,Female,Loyal_Customer,22,Personal_Travel,Eco_Plus,937,2,5,1,1,1,3,1,0,0,neutral_or_dissatisfied
469,Female,Loyal_Customer,67,Personal_Travel,Eco_Plus,2475,4,4,3,4,5,5,4,0,0,neutral_or_dissatisfied
17,Male,Loyal_Customer,52,Personal_Travel,Eco_Plus,1075,5,4,4,4,4,5,4,0,0,satisfied
114,Male,Loyal_Customer,20,Personal_Travel,Eco_Plus,305,3,4,1,1,1,5,1,5,2,neutral_or_dissatisfied
131,Male,Loyal_Customer,15,Personal_Travel,Eco_Plus,192,2,4,5,5,5,5,5,5,8,neutral_or_dissatisfied
263,Male,Loyal_Customer,46,Personal_Travel,Eco_Plus,1838,1,5,5,5,5,5,5,0,0,neutral_or_dissatisfied
303,Male,Loyal_Customer,50,Personal_Travel,Eco_Plus,282,0,4,4,3,4,4,4,18,10,satisfied
318,Male,Loyal_Customer,23,Personal_Travel,Eco_Plus,361,2,4,3,3,3,5,3,0,0,neutral_or_dissatisfied
320,Male,Loyal_Customer,51,Personal_Travel,Eco_Plus,927,1,4,2,5,2,4,2,0,0,neutral_or_dissatisfied
358,Male,Loyal_Customer,54,Personal_Travel,Eco_Plus,789,1,4,1,1,1,5,1,0,0,neutral_or_dissatisfied
443,Male,Loyal_Customer,30,Personal_Travel,Eco_Plus,237,1,1,4,5,4,3,4,0,0,neutral_or_dissatisfied
475,Male,Loyal_Customer,12,Personal_Travel,Eco_Plus,1892,4,1,5,5,5,2,5,28,45,neutral_or_dissatisfied
